{"cameraMode":{"drawMode":0,"name":"Shaded","section":"Shading Mode"},"sceneLighting":true,"audioPlay":false,"sceneViewState":{"showFog":true,"showMaterialUpdate":true,"showSkybox":true,"showFlares":true,"showImageEffects":true,"showParticleSystems":true},"in2DMode":false,"pivot":{"x":-34.30373764038086,"y":67.18045043945313,"z":83.81224060058594},"rotation":{"x":0.04785187169909477,"y":-0.2295522838830948,"z":-0.011301375925540924,"w":-0.9720536470413208},"size":54.39366912841797,"orthographic":false}