{"cameraMode":{"drawMode":0,"name":"Shaded","section":"Shading Mode"},"sceneLighting":false,"audioPlay":false,"sceneViewState":{"showFog":true,"showMaterialUpdate":false,"showSkybox":true,"showFlares":true,"showImageEffects":true,"showParticleSystems":true},"in2DMode":false,"pivot":{"x":-0.037749528884887698,"y":11.350662231445313,"z":9.051199913024903},"rotation":{"x":-0.019747108221054078,"y":-0.7206728458404541,"z":0.020544642582535745,"w":-0.6926894783973694},"size":5.188745975494385,"orthographic":true}