{"cameraMode":{"drawMode":0,"name":"Shaded","section":"Shading Mode"},"sceneLighting":true,"audioPlay":false,"sceneViewState":{"showFog":true,"showMaterialUpdate":false,"showSkybox":true,"showFlares":true,"showImageEffects":true,"showParticleSystems":true},"in2DMode":false,"pivot":{"x":-497.88726806640627,"y":-239.68826293945313,"z":70.41515350341797},"rotation":{"x":0.15785977244377137,"y":-0.6457473635673523,"z":0.13887335360050202,"w":0.7340333461761475},"size":851.2505493164063,"orthographic":false}