{"cameraMode":{"drawMode":0,"name":"Shaded","section":"Shading Mode"},"sceneLighting":true,"audioPlay":false,"sceneViewState":{"showFog":true,"showMaterialUpdate":false,"showSkybox":true,"showFlares":true,"showImageEffects":true,"showParticleSystems":true},"in2DMode":false,"pivot":{"x":0.0001137368381023407,"y":0.18884789943695069,"z":0.011700905859470368},"rotation":{"x":0.05712541937828064,"y":-0.8836460113525391,"z":0.11193235963582993,"w":0.45097416639328005},"size":0.4705810546875,"orthographic":true}