{"cameraMode":{"drawMode":0,"name":"Shaded","section":"Shading Mode"},"sceneLighting":false,"audioPlay":false,"sceneViewState":{"showFog":true,"showMaterialUpdate":false,"showSkybox":true,"showFlares":true,"showImageEffects":true,"showParticleSystems":true},"in2DMode":false,"pivot":{"x":0.0001137368381023407,"y":0.19334790110588075,"z":0.011700905859470368},"rotation":{"x":0.02154962159693241,"y":-0.9720646142959595,"z":0.21176500618457795,"w":0.09890223294496536},"size":0.30605462193489077,"orthographic":true}