{"cameraMode":{"drawMode":0,"name":"Shaded","section":"Shading Mode"},"sceneLighting":true,"audioPlay":false,"sceneViewState":{"showFog":true,"showMaterialUpdate":false,"showSkybox":true,"showFlares":true,"showImageEffects":true,"showParticleSystems":true},"in2DMode":false,"pivot":{"x":-0.21788889169692994,"y":-0.16125544905662538,"z":-0.40460801124572756},"rotation":{"x":-0.05897149816155434,"y":0.9367892742156982,"z":-0.28548741340637209,"w":-0.19350755214691163},"size":0.8266364932060242,"orthographic":false}