{"cameraMode":{"drawMode":0,"name":"Shaded","section":"Shading Mode"},"sceneLighting":false,"audioPlay":false,"sceneViewState":{"showFog":true,"showMaterialUpdate":false,"showSkybox":true,"showFlares":true,"showImageEffects":true,"showParticleSystems":true},"in2DMode":false,"pivot":{"x":-0.08717727661132813,"y":0.09252723306417465,"z":0.00014144554734230042},"rotation":{"x":-0.0034166371915489437,"y":-0.9251003861427307,"z":0.008326126262545586,"w":-0.3796161115169525},"size":0.3518875241279602,"orthographic":true}