{"cameraMode":{"drawMode":0,"name":"Shaded","section":"Shading Mode"},"sceneLighting":true,"audioPlay":false,"sceneViewState":{"showFog":true,"showMaterialUpdate":false,"showSkybox":true,"showFlares":true,"showImageEffects":true,"showParticleSystems":true},"in2DMode":false,"pivot":{"x":-0.054412841796875,"y":0.21595382690429688,"z":0.0010986328125},"rotation":{"x":0.03838714584708214,"y":0.008993136696517468,"z":-0.0003454594116192311,"w":0.999222457408905},"size":0.5759719610214233,"orthographic":true}