{"cameraMode":{"drawMode":0,"name":"Shaded","section":"Shading Mode"},"sceneLighting":true,"audioPlay":false,"sceneViewState":{"showFog":true,"showMaterialUpdate":false,"showSkybox":true,"showFlares":true,"showImageEffects":true,"showParticleSystems":true},"in2DMode":false,"pivot":{"x":-0.0011796578764915467,"y":0.16231371462345124,"z":0.0},"rotation":{"x":-0.08929504454135895,"y":-0.11329295486211777,"z":0.010223974473774434,"w":-0.9894880652427673},"size":2.0138261318206789,"orthographic":true}