{"cameraMode":{"drawMode":0,"name":"Shaded","section":"Shading Mode"},"sceneLighting":true,"audioPlay":false,"sceneViewState":{"showFog":true,"showMaterialUpdate":false,"showSkybox":true,"showFlares":true,"showImageEffects":true,"showParticleSystems":true},"in2DMode":false,"pivot":{"x":-0.0011796578764915467,"y":0.16231371462345124,"z":0.0},"rotation":{"x":0.09154810756444931,"y":0.6566871404647827,"z":-0.08078102767467499,"w":0.7442145943641663},"size":0.8067938685417175,"orthographic":true}